{
  "_source": [
    "assay_chembl_id",
    "assay_type",
    "description",
    "assay_organism",
    "_metadata.related_compounds.count",
    "document_chembl_id",
    "bao_label",
    "_metadata.source.src_description",
    "_metadata.related_activities.count",
    "bao_format",
    "confidence_score",
    "_metadata.assay_generated.confidence_label",
    "assay_strain",
    "assay_tax_id",
    "tissue_chembl_id",
    "assay_tissue",
    "assay_cell_type",
    "assay_subcellular_fraction",
    "_metadata.document_data.pubmed_id",
    "_metadata.document_data.doi",
    "_metadata.document_data.year",
    "_metadata.document_data.journal",
    "_metadata.document_data.volume",
    "_metadata.document_data.first_page",
    "_metadata.document_data.last_page",
    "assay_parameters",
    "assay_classifications",
    "src_id",
    "src_assay_id"
  ],
  "query": {
    "bool": {
      "must": [
        {
          "query_string": {
            "analyze_wildcard": true,
            "query": "_metadata.source.src_id:52"
          }
        }
      ],
      "filter": []
    }
  },
  "track_total_hits": true,
  "sort": []
}