{"code_climate": {"code_climate_maintainability_url": "https://api.codeclimate.com/v1/badges/8916605867309f74c4b5/maintainability", "code_climate_coverage_url": "https://api.codeclimate.com/v1/badges/8916605867309f74c4b5/test_coverage"}, "codacy": {"codacy": "image:: https://api.codacy.com/project/badge/Grade/3c470db3933a4e08a19b45a47213a6a8\n    :target: https://www.codacy.com/manual/justaddcoffee/kg-emerging-viruses?utm_source=github.com&amp;utm_medium=referral&amp;utm_content=justaddcoffee/kg-emerging-viruses&amp;utm_campaign=Badge_Grade"}}