,Date,Latitude,Longitude,Types
0,2021/1/1 0:00,40.85022021,-73.89808786,PETIT LARCENY
1,2021/1/1 0:00,40.76738661,-73.98028668,MISCELLANEOUS PENAL LAW
2,2021/1/1 0:00,40.82701466,-73.93813389,GRAND LARCENY
3,2021/1/1 0:00,40.79273092,-73.97709386,CRIMINAL MISCHIEF & RELATED OF
4,2021/1/1 0:00,40.53172047,-74.20289343,CRIMINAL MISCHIEF & RELATED OF
5,2021/1/1 0:00,40.68723109,-73.85181897,CRIMINAL MISCHIEF & RELATED OF
6,2021/1/1 0:00,40.69294883,-73.85426201,CRIMINAL MISCHIEF & RELATED OF
7,2021/1/1 0:00,40.51270191,-74.19799501,CRIMINAL MISCHIEF & RELATED OF
